<?xml version="1.0" encoding="UTF-8"?>
<project-private xmlns="http://www.netbeans.org/ns/project-private/1">
    <editor-bookmarks xmlns="http://www.netbeans.org/ns/editor-bookmarks/2" lastBookmarkId="1">
        <file>
            <url>ReportEnquiry.jrxml</url>
            <bookmark id="1">
                <name/>
                <line>0</line>
                <key/>
            </bookmark>
        </file>
    </editor-bookmarks>
    <open-files xmlns="http://www.netbeans.org/ns/projectui-open-files/2">
        <group>
            <file>file:/D:/Users/admin/Documents/NetBeansProjects/te/src/PM/frmMain.java</file>
            <file>file:/D:/Users/admin/Documents/NetBeansProjects/te/src/PM/frmlogin.java</file>
            <file>file:/D:/Users/admin/Documents/NetBeansProjects/te/src/PM/AccoumtReport.java</file>
            <file>file:/D:/Users/admin/Documents/NetBeansProjects/te/src/PM/frmOrder.java</file>
        </group>
    </open-files>
</project-private>
